7-LR,14-LR,all-LR,7-RF,14-RF,all-RF,7-SVM,14-SVM,all-SVM,7-KNN,14-KNN,all-KNN,7-XGBoost,14-XGBoost,all-XGBoost
0.979591837,0.96,0.857142857,0.941176471,0.941176471,0.872727273,0.979591837,0.923076923,0.857142857,0.979591837,0.96,0.872727273,0.941176471,0.941176471,0.941176471
0.956521739,0.933333333,0.808510638,0.956521739,0.956521739,0.816326531,0.956521739,0.936170213,0.808510638,0.936170213,0.978723404,0.893617021,0.956521739,0.978723404,0.933333333
0.941176471,0.93877551,0.884615385,0.96,0.96,0.905660377,0.923076923,0.96,0.884615385,0.923076923,0.901960784,0.836363636,0.923076923,0.979591837,0.901960784
0.888888889,0.869565217,0.875,0.909090909,0.936170213,0.92,0.888888889,0.92,0.875,0.888888889,0.958333333,0.884615385,0.888888889,0.956521739,0.888888889
0.88372093,0.9,0.909090909,0.909090909,0.952380952,0.875,0.88372093,0.87804878,0.909090909,0.88372093,0.926829268,0.862745098,0.88372093,0.926829268,0.888888889